tweet.id	pub.date.GMT	content	author.name	author.nickname	rating.1	rating.2	rating.3	rating.4	rating.5	rating.6	rating.7	rating.8
458030764047994882	4/20/14 18:53	#VargasLlnoescre√≠ble, continuaremos por la ma√±ana, por ahora recomiendo leer lo que dec√≠a en la √©poca,
http://t.co/tbMQ7sEd18	AlvaroUribeVel	√Ålvaro Uribe V√©lez
458026891283562496	4/20/14 18:38	Vargas Lleras no es cre√≠ble, antes odiaba y acusaba de delitos al hoy Pte Santos, 
http://t.co/tbMQ7sEd18	AlvaroUribeVel	√Ålvaro Uribe V√©lez
458026150976319488	4/20/14 18:35	En 2006 Vargas Ll inculp√¥ al Min Juan Manuel Santos de sus atentados y hoy se luce acus√°ndome. Ver 
http://t.co/tbMQ7sEd18	AlvaroUribeVel	√Ålvaro Uribe V√©lez
458013356176457728	4/20/14 17:44	Ni el sab√≠a que cumpl√≠a a√±os lincpal @carocruzosorio @loreleitaron @danielaysalome @jamesdrodriguez‚Ä¶ http://t.co/VPI8xug24i	FALCAO	Radamel Falcao
458008244149956608	4/20/14 17:24	Germ√°n Vargas Lleras arremete contra el Gobierno y contra el Ministro Santos. El Tiempo, septiembre 2006

Dice‚Ä¶ http://t.co/6osYJV8405	AlvaroUribeVel	√Ålvaro Uribe V√©lez
458007670209798144	4/20/14 17:21	#VIDEO: Respuesta a Germ√°n Vargas Lleras
 http://t.co/T0zSysBoDd	AlvaroUribeVel	√Ålvaro Uribe V√©lez
458004272291282945	4/20/14 17:08	Germ√°n Vargas inculp√¥ al hoy Pte Santos de atentados en su contra ante varias personas y ante mi como Pte,le dije que era una infamia	AlvaroUribeVel	√Ålvaro Uribe V√©lez
457999769361588224	4/20/14 16:50	RT @ColombVallenato: Monter√≠a Confirmado..! @carlosvives se presenta en esta bella ciudad el d√≠a 21 de Junio. No faltes,‚Ä¶ http://t.co/my1Xu‚Ä¶	carlosvives	Carlos Vives
457997068637052930	4/20/14 16:39	RT @ClaudiaElenaV: √öltimo ba√±o con totumo antes de irnos a Bogot√° #SantaMarta #sequia #sinagua #oigamosalosmamos http://t.co/gwA7DoCqkH	carlosvives	Carlos Vives
457936628397649921	4/20/14 12:39	"Los que aseguran que es imposible no deber√≠an interrumpir a los que estamos intent√°ndolo" Thomas Alva Edison.	JuanManSantos	Juan Manuel Santos
457927430330531842	4/20/14 12:03	Happy Easter guys! / ¬°Felices Pascuas! Shak http://t.co/2KM0yoq1z0	shakira	Shakira
457913193151881218	4/20/14 11:06	Felices pascuas para todos que las ense√±anzas de Jes√∫s resuciten en nuestros corazones hoy y siempre! @ClaudiaElenaV	carlosvives	Carlos Vives
457909604769615872	4/20/14 10:52	M√°s tarde contestar√© acusaci√≥n de Vargas Lleras sobre acusaci√≥n en relaci√≥n con su atentado	AlvaroUribeVel	√Ålvaro Uribe V√©lez
457888188288466944	4/20/14 9:27	Andr√©s Uriel, gran constructor de carreteras en el Caquet√°	AlvaroUribeVel	√Ålvaro Uribe V√©lez
457888057686249473	4/20/14 9:26	Andr√©s Uriel: gran constructor carreteras del Putumayo: a Mocoa, VillaGarz√≥n, Pto As√≠s, Sta Ana San Miguel	AlvaroUribeVel	√Ålvaro Uribe V√©lez
tweet.id	pub.date.GMT	content	author.name	author.nickname	rating.1	rating.2	rating.3	rating.4	rating.5	rating.6	rating.7	rating.8457882047139160065	4/20/14 9:02	Andr√©s Uriel: escribe uno de sus compa√±eros:"Y el plan 2500, de 160 contratos tuvo 3 caducados y 10 m√°s con notab‚Ä¶ http://t.co/iTbHpFCmLm	AlvaroUribeVel	√Ålvaro Uribe V√©lez
457876250866892800	4/20/14 8:39	RT @MariaCorinaYA: Indispensable lectura p entender qu√© enfrentamos los vzlanos
http://t.co/VgvC2MTSOj @MoisesNaim	AlvaroUribeVel	√Ålvaro Uribe V√©lez
457862523845619712	4/20/14 7:45	Andr√©s Uriel: ojal√° sus compa√±eros del Ministerio hagan una publicaci√≥n ordenada de su obra y sus condiciones de Patriota Superior	AlvaroUribeVel	√Ålvaro Uribe V√©lez
457862246862184448	4/20/14 7:44	Andr√©s Uriel: siempre agradeci√≥ el gran apoyo del entonces Ministro Oscar Iv√°n Zuluaga	AlvaroUribeVel	√Ålvaro Uribe V√©lez
457861983355015168	4/20/14 7:42	Andr√©s Uriel apoy√≥ a todos los alcaldes para mejorar v√≠as terciarias sin intermediaci√≥n corrupta	AlvaroUribeVel	√Ålvaro Uribe V√©lez
457861803763335168	4/20/14 7:42	Andr√©s Uriel concibi√≥ contratos a largo plazo para mantenimiento de corredores viales	AlvaroUribeVel	√Ålvaro Uribe V√©lez
457861619398488064	4/20/14 7:41	Andr√©s Uriel contrat√≥ Plan 2500 de v√≠as dptales,Necesarias para mupios y producci√≥n.Hubo √©xitos y fracasos de algunos contratistas	AlvaroUribeVel	√Ålvaro Uribe V√©lez
457861220172058624	4/20/14 7:39	Andr√©s Uriel contrat√≥ alcances progresivos de Barbosa a Cisneros y Marinilla Santuario. Gbno Santos revive parcial/ por motivo elecciones	AlvaroUribeVel	√Ålvaro Uribe V√©lez
457860469878190080	4/20/14 7:36	Andr√©s Uriel contrat√≥ Transversal de las Am√©ricas por el Caribe. M√≠nimo avance durante este Gbno	AlvaroUribeVel	√Ålvaro Uribe V√©lez
457860310561742848	4/20/14 7:36	Andr√©s Uriel con Gbnos de Ant,Med,C de Ccio,Ingenieros, concibi√≥ Aut de la Monta√±a, las contrat√≥ con ISA. Gbno Santos, 4 a√±os perdidos	AlvaroUribeVel	√Ålvaro Uribe V√©lez
457859983070470144	4/20/14 7:35	Andr√©s Uriel contrat√≥ los 16 corredores de competitividad,	AlvaroUribeVel	√Ålvaro Uribe V√©lez
457859414415122432	4/20/14 7:32	Andr√©s Uriel contrat√≥ puente sobre el Atrato para acercarse a Panam√° y estudio hasta el Dari√©n. Hoy abandonados	AlvaroUribeVel	√Ålvaro Uribe V√©lez
457859097757777920	4/20/14 7:31	Andr√©s Uriel contrat√≥ estudios para obras del Canal del Dique. Estudio de Univ Nal no fue aplicable	AlvaroUribeVel	√Ålvaro Uribe V√©lez
457858895591899136	4/20/14 7:30	Andr√©s Uriel construy√≥ los espolones del Puerto de Bquilla, ppio de recuperaci√≥n de navegaci√≥n del Magdalena	AlvaroUribeVel	√Ålvaro Uribe V√©lez
457858864340553728	4/20/14 7:30	RT @FIL0S0FIA: Ser humilde es valorar a las personas por sus defectos y admirarlos por sus virtudes.	ElGirald	Santiago Giraldo
tweet.id	pub.date.GMT	content	author.name	author.nickname	rating.1	rating.2	rating.3	rating.4	rating.5	rating.6	rating.7	rating.8457858701949693952	4/20/14 7:29	Andr√©s Uriel modific√≥ concesiones portuarios, introdujo est√≠mulos tributarios, puertos tuvieron gran crecimiento	AlvaroUribeVel	√Ålvaro Uribe V√©lez
457858510265790464	4/20/14 7:29	Andr√©s Uriel exigi√≥ el traslado de los puertos carboneros de Sta Marta y el sistema de cargue directo. Hoy a medio ritmo	AlvaroUribeVel	√Ålvaro Uribe V√©lez
457858272020930560	4/20/14 7:28	Andr√©s Uriel concibi√≥ contrato con Gob de Antioquia para ferrocarril Pto Berrio Medell√≠n. Hoy olvidado	AlvaroUribeVel	√Ålvaro Uribe V√©lez
457858052566560768	4/20/14 7:27	Andr√©s Uriel promovi√≥ ferrov√≠a del Carare a la S√°bana Cundi Boyac√°, su factibilidad requiere regreso de vigor de crecimiento econ√≥mico	AlvaroUribeVel	√Ålvaro Uribe V√©lez
457857655735066626	4/20/14 7:25	Andr√©s Uriel contrat√≥ doble calzada ferroviaria de La Loma a Sta Marta. No inician variante de Sta Marta	AlvaroUribeVel	√Ålvaro Uribe V√©lez
457857465477267456	4/20/14 7:25	Andr√©s Uriel recuper√≥ l√≠neas f√©rreas de Bventura Cartago y Sta Marta La Dorada. Siguen sin operador	AlvaroUribeVel	√Ålvaro Uribe V√©lez
457857204692213760	4/20/14 7:23	Andr√©s Uriel hizo las concesiones grupales de aeropuertos referidas en tweet de ayer	AlvaroUribeVel	√Ålvaro Uribe V√©lez
457856985321709568	4/20/14 7:23	Andr√©s Uriel y Fco Santos adjudicaron concesi√≥n del Aer El Dorado de Bogot√°	AlvaroUribeVel	√Ålvaro Uribe V√©lez
457856734594629632	4/20/14 7:22	Andr√©s Uriel concibi√≥ y construy√≥ T√∫nel de Prueba y contrat√≥ T√∫nel definitivo de La L√≠nea. (Segundo Centenario)	AlvaroUribeVel	√Ålvaro Uribe V√©lez
457856397007679488	4/20/14 7:20	Andr√©s Uriel contrat√≥ con el Ej√©rcito la v√≠a de la Soberan√≠a, Arauca N de Santander. No muestra avances	AlvaroUribeVel	√Ålvaro Uribe V√©lez
457856167277244417	4/20/14 7:19	Andr√©s Uriel incluy√≥ v√≠a del Tarra la Mata,N de Santander, como trayecto progresivo en concesi√≥n de C√∫cuta. Hoy abandonada	AlvaroUribeVel	√Ålvaro Uribe V√©lez
457855886833508352	4/20/14 7:18	Andr√©s Uriel contrat√≥ concesi√≥n Metropolitana de C√∫cuta, con doble calzada a Pamplona que Gbno actual abandon√≥	AlvaroUribeVel	√Ålvaro Uribe V√©lez
457855382359408641	4/20/14 7:16	Andr√©s Uriel contrat√≥ primer trayecto de doble calzada Bmanga Alto de Berl√≠n en carretera a C√∫cuta	AlvaroUribeVel	√Ålvaro Uribe V√©lez
457854798411616257	4/20/14 7:14	Andr√©s Uriel contrat√≥ la v√≠a Central del Norte de Pamplona por Santander a Boyac√°	AlvaroUribeVel	√Ålvaro Uribe V√©lez
457854563127934976	4/20/14 7:13	Andr√©s Uriel contrat√≥ v√≠a del Carare de Boyac√° al Magdalena Santandereano	AlvaroUribeVel	√Ålvaro Uribe V√©lez
tweet.id	pub.date.GMT	content	author.name	author.nickname	rating.1	rating.2	rating.3	rating.4	rating.5	rating.6	rating.7	rating.8457853952051384320	4/20/14 7:11	Andr√©s Uriel contrat√≥ y ejecut√≥ v√≠a Pto L√≥pez Pto Gait√°n	AlvaroUribeVel	√Ålvaro Uribe V√©lez
457853691698348032	4/20/14 7:10	RT @oscarmoralesg: Encuesta Noticias Manizales recogi√≥ 45 mil votos. Zuluaga y Pe√±alosa pasan a 2da vuelta. Santos ult.lugar se quema.
http‚Ä¶	AlvaroUribeVel	√Ålvaro Uribe V√©lez
457853428874899456	4/20/14 7:08	Andr√©s Uriel contrat√≥ la carretera Granada San Jos√© del Guaviare. La dej√≥ avanzada en un 80%	AlvaroUribeVel	√Ålvaro Uribe V√©lez
457853210859171840	4/20/14 7:08	Andr√©s Uriel contrat√≥ la v√≠a Colombia Huila a la Uribe Meta, hoy abandonada por el Gbno Santos	AlvaroUribeVel	√Ålvaro Uribe V√©lez
457852958752129024	4/20/14 7:07	Andr√©s Uriel contrat√≥ la v√≠a Pasto Mocoa por la variante de San Francisco	AlvaroUribeVel	√Ålvaro Uribe V√©lez
457852697971290112	4/20/14 7:06	Andr√©s Uriel contrat√≥ la concesi√≥n Ipiales,Pasto,Aeropuerto con T√∫nel de Daza	AlvaroUribeVel	√Ålvaro Uribe V√©lez
457852409734529024	4/20/14 7:04	Andr√©s Uriel contrat√≥ las v√≠as de Popay√°n al Huila y la Circunvalar del Macizo	AlvaroUribeVel	√Ålvaro Uribe V√©lez
457852258483716097	4/20/14 7:04	Andr√©s Uriel dirigi√≥ todo el impulso a la malla vial vallecaucana, contratada antes, ejecutada por √©l	AlvaroUribeVel	√Ålvaro Uribe V√©lez
457851704667832320	4/20/14 7:02	Andr√©s Uriel desentrab√≥ Autopistas del Caf√© y di√≥ impulso definitivo. (Viaducto Pereira Sta Rosa)	AlvaroUribeVel	√Ålvaro Uribe V√©lez
457851091326341120	4/20/14 6:59	Andr√©s Uriel contrat√≥ y luego avanz√≥ en Bello,Hatillo,Barbosa, con ayuda de Gobernadores como Luis Alfredo Ramos,AGaviria,SFajardo,EPrieto	AlvaroUribeVel	√Ålvaro Uribe V√©lez
457850554392145920	4/20/14 6:57	Andr√©s Uriel concluy√≥ T√∫nel de Occidente (Fdo G√≥mez M) que contrat√≥ como Srio en Antioquia ,en equipo con Ju√°n G√≥mez M y Gmo Gaviria (qepd),	AlvaroUribeVel	√Ålvaro Uribe V√©lez
457849407648858112	4/20/14 6:52	Andr√©s avanz√≥ en dobles calzadas y variantes en la S√°bana de Bogot√°	AlvaroUribeVel	√Ålvaro Uribe V√©lez
457849204879425536	4/20/14 6:52	Andr√©s Uriel puso en marcha la concesi√≥n al Llano y contrat√≥ doble calzada en 38 kms.	AlvaroUribeVel	√Ålvaro Uribe V√©lez
457848979322314752	4/20/14 6:51	Andr√©s Uriel aport√≥ los recursos para la doble calzada del sur de Bta que comunica con el t√∫nel del Llano	AlvaroUribeVel	√Ålvaro Uribe V√©lez
457848626782699521	4/20/14 6:49	Andr√©s Uriel contrat√≥ los diferentes tramos de doble calzada entre Bogot√° y Buenaventura, hoy con atrasos inexplicables	AlvaroUribeVel	√Ålvaro Uribe V√©lez
tweet.id	pub.date.GMT	content	author.name	author.nickname	rating.1	rating.2	rating.3	rating.4	rating.5	rating.6	rating.7	rating.8457848193834041344	4/20/14 6:48	Andr√©s Uriel contrat√≥ doble calzada de Bogot√° a Sogamoso. Viajeros ver√°n que Gbno Santos no concluye 13% que faltaba	AlvaroUribeVel	√Ålvaro Uribe V√©lez
457847699887652865	4/20/14 6:46	Andr√©s Uriel concibi√≥ y contrat√¥ tramos de dobles calzadas de Monteria,Sincelejo,Cgena,Bquilla y Sta Marta, que hoy ver√°n muchos viajeros	AlvaroUribeVel	√Ålvaro Uribe V√©lez
457847280616603648	4/20/14 6:44	Andr√©s Uriel concibi√≥ y contrat√≥ la Ruta del Sol cuyos avances hoy ver√°n muchos viajeros	AlvaroUribeVel	√Ålvaro Uribe V√©lez
457696216403673088	4/19/14 20:44	Carlos Holmes Trujillo lament√≥ amenazas de las Farc a ciudadanos de El Tambo, Cauca
http://t.co/IL37cRvaEI	AlvaroUribeVel	√Ålvaro Uribe V√©lez
457664918125547520	4/19/14 18:39	RT @anacabana4: vivo en el mundo de tus labios busco la playa de tus besos soy el ave que vuela cerca de tus caderas y vuelve a mismo puest‚Ä¶	carlosvives	Carlos Vives
457663884598734848	4/19/14 18:35	RT @PaoSpain: 3 de #Mayo @carlosvives en #Valledupar concierto confirmado que ofrece la #Gobernaci√≥n #Cesar‚Ä¶ http://t.co/4Sr7KrS9ym	carlosvives	Carlos Vives
457654710183276544	4/19/14 17:59	Who'd like @SaturdayOnline to play EMPIRE? Tweet using #RomeoPlayShakira to make it most requested. Thanks! ShakHQ http://t.co/ezL8gWPaaT	shakira	Shakira
457643377757278208	4/19/14 17:14	Por una Semana Santa donde todas las familias est√©n unidas. ¬°Saqu√©mosle Tarjeta Roja al Trabajo Infantil!  https://t.co/fZXMtNmtto	JuanManSantos	Juan Manuel Santos
457633113406189568	4/19/14 16:33	Para recordar el famoso comercial de "La tele" conserva tus tradiciones ba√±ate con totumo #oigamosalosmamos http://t.co/iXlNKmZ78p	carlosvives	Carlos Vives
457630121378459648	4/19/14 16:21	Al igual q para tener salud debemos escuchar a nuestro cuerpo, hay que saber escuchar la tierra q nos habla en lenguas ancestrales	carlosvives	Carlos Vives
457629493260476416	4/19/14 16:19	Seguimos sin escuchar a los mamos,anoche en el #Sierramarfest me encontr√© a un grupo de Koguis haciendo pagamento y trabajo contra la sequia	carlosvives	Carlos Vives
457628791616339968	4/19/14 16:16	Hoy en esta f√°brica de agua no hay agua m√°s all√° del obvio calentamiento global no hemos sido inteligentes con el manejo de los recursos	carlosvives	Carlos Vives
457628016961912832	4/19/14 16:13	Aqu√≠ en Santa Marta hemos vivido muchos a√±os subvalorando nuestras culturas originales y abusando de la Sierra	carlosvives	Carlos Vives
457627706218512385	4/19/14 16:12	Desde entonces vivimos a espaldas de las culturas americanas y haciendo o√≠dos sordos a sus advertencias	carlosvives	Carlos Vives
457627226033627137	4/19/14 16:10	El asesinato de Bastidas cinco a√±os despu√©s de fundada Santa Marta supuso el comienzo de una guerra de m√°s de 200 a√±os	carlosvives	Carlos Vives
tweet.id	pub.date.GMT	content	author.name	author.nickname	rating.1	rating.2	rating.3	rating.4	rating.5	rating.6	rating.7	rating.8457626227684438016	4/19/14 16:06	@MeudyMeza @CaroNoFue jajajajajajajajaja	carlosvives	Carlos Vives
457626189474320384	4/19/14 16:06	@monokeke15 @elespectador @shakira jajajajajajajajajajaja no me hagan reir!	carlosvives	Carlos Vives
457617786374983680	4/19/14 15:32	RT @Planeta947: El artista latino m√°s premiado, puso a bailar a las 10 mil personas @CarlosVives en #ElEventoPlaneta entra a http://t.co/X5‚Ä¶	carlosvives	Carlos Vives
457603000144388096	4/19/14 14:33	Sepelio de Andr√©s Uriel Gallego se cumple a esta hora en Medell√≠n | RCN La Radio http://t.co/teWknRXORV via @rcnlaradio	AlvaroUribeVel	√Ålvaro Uribe V√©lez
457594198238429184	4/19/14 13:58	RT @Gata_sinbotass: Enamorada totalmente de esta canci√≥n! @carlosvives "Carlos Vives - El Mar de Sus Ojos ft. ChocQuibTown": http://t.co/DQ‚Ä¶	carlosvives	Carlos Vives
457593835275972608	4/19/14 13:57	RT @SonyEntNet: We sat down with Colombian superstar @CarlosVives at the 14th Annual Latin GRAMMY Awards¬Æ. Watch the interview: http://t.co‚Ä¶	carlosvives	Carlos Vives
457592273023557632	4/19/14 13:51	RT @fospina01: Mi mayor inspiraci√≥n, eres mi √≠dolo desde muy chiquito sigui√©ndote! @jamesdrodriguez #El10 #Pasi√≥nPorEl10 http://t.co/F00qlK‚Ä¶	jamesdrodriguez	James Rodr√≠guez
457575101417132032	4/19/14 12:43	RT @bcnopenbs: Santiago Giraldo debuta en Barcelona #bcnopenbs con el holand√©s Igor Sijsling @ElGirald @InfoTenisCol @teniscolfans @colombi‚Ä¶	ElGirald	Santiago Giraldo
457575043468652544	4/19/14 12:42	RT @fedecoltenis: Si no est√°s disfrutando de la final del ITF Futuro 15K Copa @ElGirald en vivo en el Club Campestre de Pereira, pon @WinSp‚Ä¶	ElGirald	Santiago Giraldo
457562022499344384	4/19/14 11:51	‚ÄúConstruir la paz es mucho m√°s dif√≠cil¬†que hacer la guerra‚Äù. Sacerdote Jos√© Javier Parlad√©	JuanManSantos	Juan Manuel Santos
457545554348998658	4/19/14 10:45	Que divertida persona es djokernole http://t.co/davSCuTLmo	FALCAO	Radamel Falcao
457544929569689601	4/19/14 10:43	Con el gran rogerfederer en el abierto de Montecarlo . http://t.co/Zc5kEvFU4K	FALCAO	Radamel Falcao
457541797376704512	4/19/14 10:30	El lunes viajaremos a M√©xico para asistir al homenaje a Gabo, el colombiano m√°s grande de todos. Nos acompa√±ar√° @EPN	JuanManSantos	Juan Manuel Santos
457521187309240320	4/19/14 9:08	1Transportes Masivos impulsados por Andr√©s Uriel: Transmilenio,Mio (Cali), Pereira,Bquilla,Bmanga,Medell√≠n, Cgena,	AlvaroUribeVel	√Ålvaro Uribe V√©lez
457520456145571840	4/19/14 9:05	2Aeropuertos concesionados por Andr√©s Uriel: Bucaramanga,C√∫cuta, Valledupar,Riohacha,Santa Marta	AlvaroUribeVel	√Ålvaro Uribe V√©lez
tweet.id	pub.date.GMT	content	author.name	author.nickname	rating.1	rating.2	rating.3	rating.4	rating.5	rating.6	rating.7	rating.8457520042754985984	4/19/14 9:04	1Aeropuertos concesionados por Andr√©s Uriel:El Dorado,SanAndr√©s,Providencia,Med Olaya,Rionegro,Carepa,Quibd√≥,Monter√≠a,	AlvaroUribeVel	√Ålvaro Uribe V√©lez
457519934093139968	4/19/14 9:03	JUANES @TODAYshow Plaza Concert LIVE. Monday, April 21, 2014
ATTEND IN PERSON: Recommended arrival time is 6:00am. http://t.co/TXmXE2mdjJ	juanes	JUANES
457519455695040512	4/19/14 9:01	Camino a la misa exequial de Andr√©s Uriel	AlvaroUribeVel	√Ålvaro Uribe V√©lez
457504314630877184	4/19/14 8:01	Support my friend Eric Hilcoff raising funds this monday at the Boston Marathon! #GolfFightsCancer. #TeamGFC.
http://t.co/I6TXspHABc	CamiloVillegasR	Camilo Villegas
457493177990402048	4/19/14 7:17	Andr√©s Uriel era erudici√≥n, dedicaci√≥n, rectitud y austeridad	AlvaroUribeVel	√Ålvaro Uribe V√©lez
457492160569278465	4/19/14 7:13	Great story @KingmadeJerky making it happen! http://t.co/j2dELYiPVY	CamiloVillegasR	Camilo Villegas
457489936175071232	4/19/14 7:04	Play resumed... Hard to believe the golf course is not under water after 16 hours of rain. That's good news!	CamiloVillegasR	Camilo Villegas
457488404524318721	4/19/14 6:58	En nuestro gobierno tasa de homicidios baj√≥ de 66 a 33; en gobierno Santos por falta de seguridad se estanc√≥. http://t.co/JsVAK3aKik	AlvaroUribeVel	√Ålvaro Uribe V√©lez
457486341199392768	4/19/14 6:50	En nuestro Gbno tasa de homicidios baj√≥ de 66 por 100 mil habitantes a 32
Gbno Santos se ha detenido en 30, fren√≥ reducci√≥n, falta seguridad	AlvaroUribeVel	√Ålvaro Uribe V√©lez
457464320809791488	4/19/14 5:22	http://t.co/mrch972rzu Declaraci√≥n sobre fallecimiento de Andr√©s Uriel	AlvaroUribeVel	√Ålvaro Uribe V√©lez
457464146272219136	4/19/14 5:22	http://t.co/mrch972rzu	AlvaroUribeVel	√Ålvaro Uribe V√©lez
457463099792961538	4/19/14 5:17	¬†En¬†una magn√≠fica exposici√≥n de Dar√≠o Echand√≠a. Y le o√≠ decir: ‚Äú Hay algo que nos define, algo que nos da car√°cte‚Ä¶ http://t.co/cS7opGLXTP	AlvaroUribeVel	√Ålvaro Uribe V√©lez
457365899822252032	4/18/14 22:51	En #Sierramarfest disfrutando con #TheMills, #Martina #AlphaBlondy Am√©rica Am√©rica Am√©rica #SantaMarta http://t.co/4HAtft0GDg	carlosvives	Carlos Vives
457326410504622080	4/18/14 20:14	RT @TheBig_Easy: Guys I need your help. Retweet and tweet #RBCELS to help me raise money for @ElsForAutism. Help me make a difference.	CamiloVillegasR	Camilo Villegas
457310630958366720	4/18/14 19:12	RT @DiezMadieznet: @AlvaroUribeVel Por favor @MariaFdaCabal q de excusas al pa√≠s Nosotros los CD llevamos su orientaci√≥n q no embarre al CD	AlvaroUribeVel	√Ålvaro Uribe V√©lez
tweet.id	pub.date.GMT	content	author.name	author.nickname	rating.1	rating.2	rating.3	rating.4	rating.5	rating.6	rating.7	rating.8457310041889312769	4/18/14 19:09	Andr√©s Uriel concibi√≥ la Ruta del Sol, autopista que pasa por Aracataca donde Gabo nutri√≥ su inspiraci√≥n.	AlvaroUribeVel	√Ålvaro Uribe V√©lez
457299921549668352	4/18/14 18:29	En Mompox cumpliendo los deseos de la Iglesia: Que en esta Semana Santa pidamos por la paz y reconciliaci√≥n http://t.co/zK0cSUsyJR	JuanManSantos	Juan Manuel Santos
457282569365909504	4/18/14 17:20	RT @PachoSantosC: No hay ministro de Transporte, antes de Obras P√∫blicas, que pueda decir que le dej√≥ a Colombia lo que Andres Uriel Galleg‚Ä¶	AlvaroUribeVel	√Ålvaro Uribe V√©lez
457282527586443264	4/18/14 17:20	RT @PachoSantosC: Andr√©s Uriel entendi√≥ que ser ministro era administrar enredos, resolver entuertos, no mirar para atr√°s y avanzar en lo q‚Ä¶	AlvaroUribeVel	√Ålvaro Uribe V√©lez
457282478815068160	4/18/14 17:20	RT @PachoSantosC: Bello-Hatillo, Monter√≠a-Sahagun, C√∫cuta-Pamplona, variante Mocoa-Pasto, Sincelejo-Corozal. Obras que dej√≥ Andres Uriel. P‚Ä¶	AlvaroUribeVel	√Ålvaro Uribe V√©lez
457282438998548480	4/18/14 17:20	RT @PachoSantosC: Andres Uriel Gallego deja doble calzada Bogot√°-Sogamoso y variante Cajic√°-Zipaquir√°. Y partes de Santa Marta-Cartagena en‚Ä¶	AlvaroUribeVel	√Ålvaro Uribe V√©lez
457282396380229632	4/18/14 17:19	RT @PachoSantosC: Andr√©s Uriel Gallego termin√≥ autopistas del Caf√©, adjudic√≥ doble calzada Buga-Buenaventura y arregl√≥ todas las concesione‚Ä¶	AlvaroUribeVel	√Ålvaro Uribe V√©lez
457282359034146818	4/18/14 17:19	RT @PachoSantosC: Andr√©s Uriel Gallego le dej√≥ a Colombia: doble calzada Bogot√°-Ibagu√©, aeropuerto El Dorado, t√∫nel de la l√≠nea y doble cal‚Ä¶	AlvaroUribeVel	√Ålvaro Uribe V√©lez
457282320576569345	4/18/14 17:19	RT @PachoSantosC: Muri√≥ Andres Uriel Gallego, ministro de Transporte de nuestro gobierno. Hombre decente, honesto, serio y patriota que am√≥‚Ä¶	AlvaroUribeVel	√Ålvaro Uribe V√©lez
457280527696146432	4/18/14 17:12	RT @PalomaValenciaL: Ha muerto Garcia M√°rquez pero su voz pervive en su obra eterna y luminosa	AlvaroUribeVel	√Ålvaro Uribe V√©lez
457280301266644992	4/18/14 17:11	RT @FabianBelCor: Como se llama esto ? @diegomolanovega: "MinTIC anuncia inversiones por $32 mil millones en el Atl√°ntico" | @sergioaraujoc‚Ä¶	AlvaroUribeVel	√Ålvaro Uribe V√©lez
457278962260246528	4/18/14 17:06	RT @OIZuluaga: Estoy del lado de los trabajadores y sus familias, de los empresarios y sus proyectos, de los campesinos y sus tierras.	AlvaroUribeVel	√Ålvaro Uribe V√©lez
457278936733720576	4/18/14 17:06	RT @OIZuluaga: Hace 25 a√±os inici√© en la pol√≠tica. Siento que una de las profesiones m√°s nobles en una sociedad democr√°tica es la que lucha‚Ä¶	AlvaroUribeVel	√Ålvaro Uribe V√©lez
457278876616765440	4/18/14 17:05	RT @OIZuluaga: Todos debemos valorar el legado de Gabo, y agradecer que supo mostrarle al mundo una Colombia inteligente, creativa, humana.	AlvaroUribeVel	√Ålvaro Uribe V√©lez
457278812091609089	4/18/14 17:05	RT @OIZuluaga: Quiero decir muy claramente que no comparto la opini√≥n de Mar√≠a Fernanda Cabal sobre Gabriel Garc√≠a M√°rquez, de quien he sid‚Ä¶	AlvaroUribeVel	√Ålvaro Uribe V√©lez
tweet.id	pub.date.GMT	content	author.name	author.nickname	rating.1	rating.2	rating.3	rating.4	rating.5	rating.6	rating.7	rating.8457274483623985152	4/18/14 16:48	¬øD√≥nde est√° Timochenko? - Peri√≥dico Debate http://t.co/pyNidTnsAv via @debatecol	AlvaroUribeVel	√Ålvaro Uribe V√©lez
457262273254678528	4/18/14 15:59	Ni el lenguaje ni las v√≠as del Gbno Santos http://t.co/noHYP5tSH3	AlvaroUribeVel	√Ålvaro Uribe V√©lez
457258060088901632	4/18/14 15:43	Nueva York..Nos vemos el Lunes en "The Today Show Plaza Concert". El acceso es gratis y deben llegar a las 6am - 48 St y Rockefeller Center.	juanes	JUANES
457247057116676096	4/18/14 14:59	"Es el di√°logo el que hace la paz. No se puede tener paz sin di√°logo". Papa Francisco	JuanManSantos	Juan Manuel Santos
457221443143487488	4/18/14 13:17	INAUGURACI√ìN DEL IV CONGRESO INTERNACIONAL DE LA LENGUA ESPA√ëOLA Y HOMENAJE AL NOBEL GABRIEL GARC√çA M√ÅRQUEZ
Marz‚Ä¶ http://t.co/cdmSOzUycH	AlvaroUribeVel	√Ålvaro Uribe V√©lez
457212287963906048	4/18/14 12:41	Comunidad:"Teniente y varios soldados mal heridos (al menos 5) en UCI Cl√≠nica Valle de Lilly. Batall√≥n Palac√©,Brigadas 37 y 17"	AlvaroUribeVel	√Ålvaro Uribe V√©lez
457200421657137152	4/18/14 11:54	Andr√©s Uriel muri√≥ pero no se fue http://t.co/pVmjHI0Od6	AlvaroUribeVel	√Ålvaro Uribe V√©lez
457197365880176640	4/18/14 11:42	Excited to report that Shak will perform #Empire live on @NBCTheVoice on Tuesday, April 22! ShakHQ	shakira	Shakira
457176357643243521	4/18/14 10:18	Lamentamos la muerte del ex ministro Andres Uriel Gallego y enviamos a su familia nuestras sentidas condolencias	JuanManSantos	Juan Manuel Santos
457140444485652480	4/18/14 7:55	RT @billboardlatin: .@CarlosVives joins the 'World Cup' panel at the #BBLatin Conference. Details here: http://t.co/k1C5wIWvGC (cc: @JudyCa‚Ä¶	carlosvives	Carlos Vives
457140375275454465	4/18/14 7:55	RT @Karoscott: #Np #TuAmorEterno de @carlosvives / " Como ser sue√±o entre tus sue√±os y despertar en un beso q no tenga fin..."	carlosvives	Carlos Vives
457112875941650432	4/18/14 6:06	Andr√©s Uriel muri√≥ pero no se fue, su camino ser√° el mismo. Su se√±ora madre, hermanos y sobrinos seguir√°n con su‚Ä¶ http://t.co/s45QuJbJ1U	AlvaroUribeVel	√Ålvaro Uribe V√©lez
457039936370528256	4/18/14 1:16	El llegar a Mad y encontrarme con esta triste noticia.#DescansaEnPazGabo #GraciasGabo #AdiosGabo #DescansaEnPazGabo http://t.co/3juZlZmW6V	ElGirald	Santiago Giraldo
457030854649597952	4/18/14 0:40	Tristeza en mi coraz√≥n por la partida de nuestro nobel, el hombre del realismo m√°gico, el del vallenato de 350 paginas, te recordaremos Gabo	Jorgitoceledon	JORGE CELEDON
456991440053485568	4/17/14 22:03	RT @leonardjimeno: Me puse aquel traje que me regal√≥ Enriquito, pero al premio nobel ¬°Hombre! le toc√≥ viajar. @carlosvives	carlosvives	Carlos Vives
tweet.id	pub.date.GMT	content	author.name	author.nickname	rating.1	rating.2	rating.3	rating.4	rating.5	rating.6	rating.7	rating.8456990826628153344	4/17/14 22:01	RT @LatinoOnVEVO: Cuando te pierdes en esos ojos est√° peligroso! @carlosvives http://t.co/lSFnjLfAzB	carlosvives	Carlos Vives
456989332709339136	4/17/14 21:55	RT @LatinGRAMMYs: The Latin Recording Academy regrets the departure of a true advocate for vallenato music, Gabriel Garc√≠a Marquez	carlosvives	Carlos Vives
456968539665334272	4/17/14 20:32	Gloria eterna a quien m√°s gloria nos ha dado. Gracias Gabo!	JuanManSantos	Juan Manuel Santos
456944134247309312	4/17/14 18:55	Mis palabras en los 80 a√±os de Gabo: "La narraci√≥n de hechos hist√≥ricos, de costumbres y la descripci√≥n de nuestr‚Ä¶ http://t.co/fmqf4U9vl7	AlvaroUribeVel	√Ålvaro Uribe V√©lez
456929341851860993	4/17/14 17:56	Muy triste por la partida de Gabo. Su obra hizo gigante el nombre de Colombia. Condolencias a su familia.	jamesdrodriguez	James Rodr√≠guez
456914301388062720	4/17/14 16:57	Gracias infinitas por llenar este mundo con tu magia e imaginaci√≥n!! #GraciasGabo	FALCAO	Radamel Falcao
456899516717756416	4/17/14 15:58	#Gabo tendr√° un lugar privilegiado entre los juglares y junto a San Pedro ser√° Armando Zabaleta quien lo reciba en las puertas del cielo	carlosvives	Carlos Vives
456898735432556545	4/17/14 15:55	RT @JoseloPaba: @carlosvives "A mi me dijeron q iba a conoce' a Gabito, que √©l era hombre importante pa' la humanidad.." #GraciasGabo	carlosvives	Carlos Vives
456898463599710208	4/17/14 15:54	Parranda de acordeones en el cielo para recibir al padre de "Cien a√±os de soledad" el vallenato m√°s largo #Gabo	carlosvives	Carlos Vives
456898393689059328	4/17/14 15:54	Dear Gabo, you once said that life isn't what one lived, but the life one remembers and how he remembers it to... http://t.co/B3xKMFfx56	shakira	Shakira
456897609911652352	4/17/14 15:50	Ya sal√≠ de Barranquilla y paso por la zona bananera, la gente est√° de luto, muri√≥ el hijo del telegrafista Aracataca te espera Gabriel!	carlosvives	Carlos Vives
456896481946243072	4/17/14 15:46	Querido Gabo, alguna vez dijiste que la vida no es la que uno vivi√≥, sino la que uno recuerda... http://t.co/5JLgjYpP2t	shakira	Shakira
456894419170377728	4/17/14 15:38	Los gigantes nunca mueren	JuanManSantos	Juan Manuel Santos
456891283080896512	4/17/14 15:25	Se va el m√°s grande de todos pero se queda su inmortal leyenda ..
Gracias Gabriel Garcia Marquez.	juanes	JUANES
456889231433297920	4/17/14 15:17	Mil a√±os de soledad y tristeza por la muerte del m√°s grande colombiano de todos los tiempos! Solidaridad y condolencias a la Gaba y familia	JuanManSantos	Juan Manuel Santos
tweet.id	pub.date.GMT	content	author.name	author.nickname	rating.1	rating.2	rating.3	rating.4	rating.5	rating.6	rating.7	rating.8456889213926277120	4/17/14 15:17	Maestro Garc√≠a M√°rquez,gracias siempre,millones de habitantes del Planeta se enamoraron de nuestra Patria en la fascinaci√≥n de sus renglones	AlvaroUribeVel	√Ålvaro Uribe V√©lez
456853170610651136	4/17/14 12:54	EL NOBEL POR ENCIMA DE TODO via @elcolombiano m√≥vil http://t.co/IMd4JcPV4O	AlvaroUribeVel	√Ålvaro Uribe V√©lez
456852961130336256	4/17/14 12:53	Tweet de @RevistaSemana@RevistaSemana: ¬øFraude electoral en consulados en #Venezuela? Im√°genes exclusivas --> http://t.co/ftTa3gVWyH	AlvaroUribeVel	√Ålvaro Uribe V√©lez
456852802564681728	4/17/14 12:52	http://t.co/bjozd4jk5J v√≠a @RevistaSemana http://t.co/c8tCDqy9fY	AlvaroUribeVel	√Ålvaro Uribe V√©lez
456852333452742656	4/17/14 12:50	@BluRadioCo  Ataque de la guerrilla en zona rural de Tame, Arauca, deja un polic√≠a muerto y otro gravemente herido, http://t.co/f95EUrovPJ	AlvaroUribeVel	√Ålvaro Uribe V√©lez
456850848753397760	4/17/14 12:45	Comunidad:"Suboficial muerto,4 heridos.Positos de San Pedro Valle. Hechos de la Alirio Torres de Farc.. 03 57 14 - 76 10 36 las coordenadas"	AlvaroUribeVel	√Ålvaro Uribe V√©lez
456850226737713152	4/17/14 12:42	@elespectador: "Presiente Santos se olvid√≥ del campo, lo cambi√≥ por las Farc": Uribe http://t.co/mWWDm0quM5 #Pol√≠tica	AlvaroUribeVel	√Ålvaro Uribe V√©lez
456849519347376130	4/17/14 12:39	http://t.co/unxL6YzSW0 Ind√≠genas rescatan soldado secuestrado por Farc	AlvaroUribeVel	√Ålvaro Uribe V√©lez
456828710872567808	4/17/14 11:17	RT @German_Vargas: Les comparto nota de @ELTIEMPO: 'Venimos a hablar bien de Colombia: Vargas Lleras' http://t.co/lWNGAos1BY	JuanManSantos	Juan Manuel Santos
456819220005666816	4/17/14 10:39	Amerita un Twitter; Cipriano L√≥pez Jannica se suma a la Campa√±a Zuluaga Presidente! @RadioMagdalena	AlvaroUribeVel	√Ålvaro Uribe V√©lez
456812693710983168	4/17/14 10:13	Todos los amantes de la salsa estamos de luto con la desaparici√≥n de Cheo todos caminando tras √©l en los entierros de mi pobre gente pobre!	carlosvives	Carlos Vives
456811681499189248	4/17/14 10:09	RT @Tropibogota: Si est√° enamorado recuerde dedicar una buena canci√≥n con @CarlosVives #LaFotoDeLosDos http://t.co/w8WJyB6GnP	carlosvives	Carlos Vives
456810017581043712	4/17/14 10:02	Me levanto en Barranquilla oyendo "Juguete" y "Amada mia" de Cheo, huellas imborrables dejo en esta ciudad!	carlosvives	Carlos Vives
456809094339235841	4/17/14 9:59	RT @OIZuluaga: Reafirmo defensa de la propiedad privada, amenazada por: di√°logos de La Habana, mafias en la ley de tierras, zonas de reserv‚Ä¶	AlvaroUribeVel	√Ålvaro Uribe V√©lez
456809053902344192	4/17/14 9:59	RT @OIZuluaga: Programa agr√≠cola 11: desarrollo de nuevos productos de frutas y hortalizas para exportar a pa√≠ses con TLC firmados	AlvaroUribeVel	√Ålvaro Uribe V√©lez
tweet.id	pub.date.GMT	content	author.name	author.nickname	rating.1	rating.2	rating.3	rating.4	rating.5	rating.6	rating.7	rating.8456809025124851712	4/17/14 9:58	RT @OIZuluaga: Propuesta agr√≠cola 10: programa formaci√≥n de j√≥venes empresarios agropecuarios, basado en educaci√≥n, cr√©dito y tecnolog√≠a	AlvaroUribeVel	√Ålvaro Uribe V√©lez
456809001875828736	4/17/14 9:58	RT @OIZuluaga: Propuesta agr√≠cola 9: No a la firma de nuevos TLC (China y Turqu√≠a). Lucha contra el contrabando	AlvaroUribeVel	√Ålvaro Uribe V√©lez
456808973287424002	4/17/14 9:58	RT @OIZuluaga: Propuesta agr√≠cola 8: No al monopolio de semillas transg√©nicas por multinacionales y defensa de las semillas nativas	AlvaroUribeVel	√Ålvaro Uribe V√©lez
456808949765787648	4/17/14 9:58	RT @OIZuluaga: Propuesta agr√≠cola 7: asociaci√≥n de peque√±os productores para acceso a la capacitaci√≥n, maquinaria, asistencia t√©cnica y uso‚Ä¶	AlvaroUribeVel	√Ålvaro Uribe V√©lez
456808923152912384	4/17/14 9:58	RT @OIZuluaga: Propuesta agr√≠cola 6: mejoramiento de v√≠as veredales y terciarias y bancos de maquinaria para su mantenimiento	AlvaroUribeVel	√Ålvaro Uribe V√©lez
456808906048552961	4/17/14 9:58	RT @OIZuluaga: Propuesta agr√≠cola 5: reducci√≥n en las tarifas de energ√≠a	AlvaroUribeVel	√Ålvaro Uribe V√©lez
456808892035395584	4/17/14 9:58	RT @OIZuluaga: Propuesta agr√≠cola 4: exoneraci√≥n del IVA para la maquinaria agropecuaria	AlvaroUribeVel	√Ålvaro Uribe V√©lez
456808867217690625	4/17/14 9:58	RT @OIZuluaga: Propuesta agr√≠cola 3: reducci√≥n del 50 por ciento en el costo de los insumos y fertilizantes	AlvaroUribeVel	√Ålvaro Uribe V√©lez
456808833218650113	4/17/14 9:58	RT @OIZuluaga: Propuesta agr√≠cola 2: bajar las tasas de inter√©s de los cr√©ditos. Por cada mill√≥n de pr√©stamo, 30 mil pesos de inter√©s anual	AlvaroUribeVel	√Ålvaro Uribe V√©lez
456808798967984128	4/17/14 9:57	RT @OIZuluaga: En Cauca comprobamos el abandono del campo. Propuesta 1: al peque√±o campesino hay que perdonarle la deuda	AlvaroUribeVel	√Ålvaro Uribe V√©lez
456808411884048384	4/17/14 9:56	Yo estoy muy triste, mi pa√≠s tambi√©n por la muerte de Cheo siempre nos quiso mucho! Hasta siempre Cheo	carlosvives	Carlos Vives
456808256707780609	4/17/14 9:55	RT @rcnlaradio: Uribe advierte de posible racionamiento de agua en la Costa http://t.co/cgeV53Snpk	AlvaroUribeVel	√Ålvaro Uribe V√©lez
456806912374210560	4/17/14 9:50	‚ÄúPresidente Santos cambi√≥ el campo por la terrorista Farc‚Äù
http://t.co/S6Idrpn46e	AlvaroUribeVel	√Ålvaro Uribe V√©lez
456805040716386304	4/17/14 9:43	RT @darkkinghjcf: @juanes @TODAYshow ser√≠a perfecto que tocaras La Luz para que todos se pongan a bailar :D	juanes	JUANES
456800196874096640	4/17/14 9:23	Leyendo todas sus sugerencias. #LocoDeAmor @TODAYshow	juanes	JUANES
tweet.id	pub.date.GMT	content	author.name	author.nickname	rating.1	rating.2	rating.3	rating.4	rating.5	rating.6	rating.7	rating.8456799531913330689	4/17/14 9:21	RT @bearbuzzzz: @juanes @TODAYshow So many great songs- how do you choose?	juanes	JUANES
456799429840748544	4/17/14 9:20	RT @iamGuadalupe13: @juanes LA LUZ!!!!!!!.Es la mejor asdasd me encanta	juanes	JUANES
456799371510550528	4/17/14 9:20	RT @DesireeSteph13: @juanes Canta DElIRIO!!!!!!!!!!!!!!!!!!!! Es una cancion hermosa para que la cantes en @TODAYshow #LocoDeAmor	juanes	JUANES
456799304137457665	4/17/14 9:20	RT @EwIngelectronic: @juanes @TODAYshow #milpedazos #persiguiendoelsol #laluz sabes que todo el album si es posible....	juanes	JUANES
456799061534720000	4/17/14 9:19	RT @marsevillanort: @juanes @TODAYshow la luz por favor	juanes	JUANES
456798968945467392	4/17/14 9:18	RT @ivanchofg: @juanes Loco de Amor y luego La Luz. Excelente parce	juanes	JUANES
456798887068438530	4/17/14 9:18	RT @AngieReinag: @juanes @TODAYshow  loco de amor seria ideal!!!	juanes	JUANES
456798853379809281	4/17/14 9:18	RT @FuentesTete: @juanes @TODAYshow Mil pedazos o Loco de amor. Son mis favoritas, por favor!	juanes	JUANES
456798683825446912	4/17/14 9:17	RT @Elena211192: @juanes la luz! un beso de rumania	juanes	JUANES
456798601683795970	4/17/14 9:17	RT @Aldannaa2501: @juanes mil pedazos :) te amo hermoso besitos desde argentina! :) #seguime ;)	juanes	JUANES
456798568922484736	4/17/14 9:17	RT @lucentbeam: @juanes Mil Pedazos! O Delirio	juanes	JUANES
456798512475160576	4/17/14 9:17	RT @Reik212: @juanes @TODAYshow Una flor saludos desde M√©xico	juanes	JUANES
456798392086429696	4/17/14 9:16	RT @LeonorAgan: @juanes @TODAYshow Una Flor	juanes	JUANES
456798358019915776	4/17/14 9:16	RT @Mar__Rinaldi: @juanes @TODAYshow #LaLuz me encantaria ‚ù§	juanes	JUANES
456798054352293888	4/17/14 9:15	RT @ferrerodana_js: @juanes @TODAYshow #LocoDeAmor completo no se puede!? Si tengo que elegir...Una Flor, Me Enamore de Ti, Laberinto <3	juanes	JUANES
tweet.id	pub.date.GMT	content	author.name	author.nickname	rating.1	rating.2	rating.3	rating.4	rating.5	rating.6	rating.7	rating.8456797920004554753	4/17/14 9:14	RT @pochakita01: @juanes PERSIGUIENDO EL SOL!!!! me encanta esa canci√≥n y me identifico un poco con ella	juanes	JUANES
456797877818241024	4/17/14 9:14	RT @ihermari: La Luzzzz!! RT @juanes: Que canci√≥n de #LocoDeAmor les gustar√≠a o√≠r en The TODAY Show ? @TODAYshow	juanes	JUANES
456797838727340032	4/17/14 9:14	RT @FeelingAlive4JB: @juanes @TODAYshow Todas!!  Pero Mil Pedazos o La Luz ser√≠a buena elecci√≥n para ese programa :)	juanes	JUANES
456797725367877633	4/17/14 9:13	RT @BMcCarthy10: @juanes mil pedazos!!	juanes	JUANES
456797700638273536	4/17/14 9:13	RT @Paz22_: @juanes @TODAYshow DEBER√çA DE SER "LOCO DE AMOR" no? ‚ò∫Ô∏è‚úåÔ∏è‚úåÔ∏è	juanes	JUANES
456797639368249344	4/17/14 9:13	RT @daisymboj: @juanes @TODAYshow Laberinto es una cancion bellisima...	juanes	JUANES
456797560531738624	4/17/14 9:13	RT @_erikilla_: @juanes @TODAYshow Todas! Que alegr√≠a escucharlas en vivo.	juanes	JUANES
456797505292742656	4/17/14 9:13	RT @everrockero: "@juanes: Que canci√≥n de #laluz?@TODAYshow"	juanes	JUANES
456797108905840640	4/17/14 9:11	RT @caritoes2: @juanes @TODAYshow Una flor!!	juanes	JUANES
456797072855797760	4/17/14 9:11	RT @rafaelmorenoesc: @juanes puede ser la luz	juanes	JUANES
456797033722941440	4/17/14 9:11	RT @KarlaHGG: @juanes  Mil Pedazos	juanes	JUANES
456797009224019968	4/17/14 9:11	RT @MeliIraheta: @juanes  LABERINTO üíõ	juanes	JUANES
456796969948545024	4/17/14 9:10	RT @JuanesEcuador: @juanes @TODAYshow "Me enamor√© de ti"	juanes	JUANES
456796938680025088	4/17/14 9:10	RT @ixDiego: @juanes ‚ÄúMl Pedazos‚Äù ser√≠a una canci√≥n bastante accequible para ese tipo de audiencia...	juanes	JUANES
456796891653480448	4/17/14 9:10	RT @DaniBri12: @juanes Persiguiendo el Sol :)	juanes	JUANES
tweet.id	pub.date.GMT	content	author.name	author.nickname	rating.1	rating.2	rating.3	rating.4	rating.5	rating.6	rating.7	rating.8456796861093785600	4/17/14 9:10	RT @Carolina_Talero: @juanes @TODAYshow super!!!	juanes	JUANES
456796832765456384	4/17/14 9:10	RT @rosario_reino: @juanes soy fan tuya, te mereces todo, cualquier canci√≥n.	juanes	JUANES
456796803631808513	4/17/14 9:10	RT @LORena_9: @juanes @TODAYshow Laberinto Laberinto Laberinto Laberinto Laberinto Laberinto Laberinto Laberinto Labertinto Laberinto Laber‚Ä¶	juanes	JUANES
456796779623624704	4/17/14 9:10	RT @CrissPinzon8: @juanes @TODAYshow Ojala fueran todas, pero como nada mas es 1 me gustaria oir #UnaFlor ‚ô•	juanes	JUANES
456796752696193024	4/17/14 9:10	RT @annelbjuanes: "@juanes: Que canci√≥n de #LocoDeAmor les gustar√≠a o√≠r en The TODAY Show ? @TODAYshow" #UnaFlor!!! :)	juanes	JUANES
456796710560628736	4/17/14 9:09	RT @TatianaIruri: @juanes A mi me encantar√≠a escuchar todo el cd jejejeje, podr√≠a ser la Luz, Laberinto y Mil Pedazos	juanes	JUANES
456796672241061889	4/17/14 9:09	RT @Carolina_Talero: @juanes @TODAYshow  persiguiendo el sol	juanes	JUANES
456796648329338882	4/17/14 9:09	RT @camimanjarres: @juanes @TODAYshow #UnaFlor o #locodeamor o cualquiera. Todas me encantan	juanes	JUANES
456796629522083840	4/17/14 9:09	RT @MeliIraheta: @juanes  PERSIGUIENDO EL SOL!!!	juanes	JUANES
456796597632761857	4/17/14 9:09	RT @jewelspalace: @juanes @TODAYshow Una flor para Maestra Palacios!!!	juanes	JUANES
456796107113504768	4/17/14 9:07	Que canci√≥n de #LocoDeAmor les gustar√≠a o√≠r en The TODAY Show ? @TODAYshow	juanes	JUANES
456795543977463809	4/17/14 9:05	Buen√≠sima noticia! El pr√≥ximo lunes 21 de abril, estaremos tocando en The TODAY Show @TODAYshow NBC (8am). Ah√≠ nos vemos!	juanes	JUANES
456791534617116672	4/17/14 8:49	"Establecer la paz duradera es obra de la educaci√≥n‚Äù. Mar√≠a Montessori	JuanManSantos	Juan Manuel Santos
456773010444148737	4/17/14 7:35	RT @JuanesUSA: @JUANES Will Perform On The TODAY Show Next Monday, April 21st http://t.co/Zrru3VXPiz via @nombre_de_usuario	juanes	JUANES
456772595153911808	4/17/14 7:34	@_janis_r , hermosura !!!!!!!!!!!! besoss y mas besos hasta la Republica Dominicana! !!!	juanes	JUANES
tweet.id	pub.date.GMT	content	author.name	author.nickname	rating.1	rating.2	rating.3	rating.4	rating.5	rating.6	rating.7	rating.8456772395148120064	4/17/14 7:33	RT @eduardoleon4: @JuanManSantos principal enemigo de la paz, avala el terrorismo no lo combate, los premia con curules en el congreso.@OI‚Ä¶	AlvaroUribeVel	√Ålvaro Uribe V√©lez
456765949996445696	4/17/14 7:07	Gbno Santos, a trav√©s de Sergio Jaramillo habla en Harvard de acuerdos de territorialidad con el terrorismo. Con firmeza a enfrentarlos	AlvaroUribeVel	√Ålvaro Uribe V√©lez
456765667677462528	4/17/14 7:06	OPORTUNIDAD Y OPORTUNISMO via @elcolombiano m√≥vil http://t.co/7qG7ebd0jt	AlvaroUribeVel	√Ålvaro Uribe V√©lez
456765245718286336	4/17/14 7:04	9 Pte Santos ha permitido recrudecimiento de Farc y adoptado pol√≠ticas para acabar con sobrevivientes agricultores caucanos	AlvaroUribeVel	√Ålvaro Uribe V√©lez
456764153101709312	4/17/14 7:00	8. Pte Santos si quiere acabar con empresarios del campo no tiene que dar m√°s vueltas, c√≥mpreles que est√°n aburridos y le venden	AlvaroUribeVel	√Ålvaro Uribe V√©lez
456763771340353536	4/17/14 6:59	7 Pte Santos promueve enfrentamientos entre campesinos con absurdas reclamaciones de tierras, sin defensa para quien es transparente	AlvaroUribeVel	√Ålvaro Uribe V√©lez
456763319819313155	4/17/14 6:57	6 Pte Santos crea incertidumbre que evita el crecimiento necesario para contribuir al 50% de mayor oferta de alimentos para a√±o 2030	AlvaroUribeVel	√Ålvaro Uribe V√©lez
456762898162126848	4/17/14 6:55	5 Pte Santos en acuerdo con Farc pone en riesgo de expropiaci√≥n a la gente honesta del campo	AlvaroUribeVel	√Ålvaro Uribe V√©lez
456762686274273280	4/17/14 6:54	4. Pte Santos trajo de nuevo inseguridad jur√≠dica al campo,  privando al pa√≠s del empresario agropecuario	AlvaroUribeVel	√Ålvaro Uribe V√©lez
456762370476769280	4/17/14 6:53	3 Pte Santos en lugar de una pol√≠tica de apoyo al campo acepta presi√≥n terrorista por zonas de reserva, territorio de Farc	AlvaroUribeVel	√Ålvaro Uribe V√©lez
456762078397607937	4/17/14 6:52	2 Pte Santos acab√≥ con institucionalidad de gremios agropecuarios, primero acall√†ndolos, despu√©s  desconoci√©ndolos en negociacion	AlvaroUribeVel	√Ålvaro Uribe V√©lez
456760896367230977	4/17/14 6:47	1 Pte Santos se olvid√≥ del campo, lo cambi√≥ por la terrorista Farc	AlvaroUribeVel	√Ålvaro Uribe V√©lez
456759273788153859	4/17/14 6:41	RT @billboardbiz: Juanes Announced for Digital Superstar Q&A at Billboard Latin Music Conference http://t.co/3u9Q37i1Du	juanes	JUANES
456754896767680512	4/17/14 6:23	Friend sent me this picture last night. He said this is Patrick Reed's new Boat. Thought it was funny so here it is! http://t.co/5xdnORgBgA	CamiloVillegasR	Camilo Villegas
456619230243205120	4/16/14 21:24	RT @OIZuluaga: Har√© pol√≠tica con transparencia, con austeridad en el manejo de los recursos p√∫blicos. No m√°s derroche e ineficiencia en la ‚Ä¶	AlvaroUribeVel	√Ålvaro Uribe V√©lez
tweet.id	pub.date.GMT	content	author.name	author.nickname	rating.1	rating.2	rating.3	rating.4	rating.5	rating.6	rating.7	rating.8456618868027322368	4/16/14 21:23	Uribe, desde Monter√≠a denuncia aumento de Extorsi√≥n en C√≥rdoba | La Raz√≥n - http://t.co/GlAcOtCd2d	AlvaroUribeVel	√Ålvaro Uribe V√©lez
456579875172675584	4/16/14 18:48	RT @AlbaAdamo: Que regalo el de este Mundial con @carlosvives y la copa de todos con el sabor Colombiano.  Gracias @cocacolacol http://t.co‚Ä¶	carlosvives	Carlos Vives
456567014002147328	4/16/14 17:57	Esta¬†#SemanaSanta2014¬†todos los colombianos a comer¬†@PezLeonCo, para ayudar a salvar el Caribe colombiano.	JuanManSantos	Juan Manuel Santos
456534801055367168	4/16/14 15:49	Pte Santos hace 4 a√±os fue al Cauca a prometer Seguridad Democr√°tica 
Hizo trampa y ha permitido recuperaci√≥n y avance terrorista	AlvaroUribeVel	√Ålvaro Uribe V√©lez
456533521436123136	4/16/14 15:44	Oscar Iv√°n en el Cauca en compa√±√≠a de Paloma Valencia
Mano firme contra invasi√≥n terrorista
Coraz√≥n grande con empresarios y campesinos	AlvaroUribeVel	√Ålvaro Uribe V√©lez
456533172121899008	4/16/14 15:42	FFAA desactivaron ya carro bomba en Coconuco, Cauca. Ayer hubo otro atentado en la panamericana	AlvaroUribeVel	√Ålvaro Uribe V√©lez
456528688461271040	4/16/14 15:24	En Semana Santa disfruta en familia de los incre√≠bles lugares que tiene Colombia. Les comparto uno de mis preferidos http://t.co/iwyQEvXkKN	JuanManSantos	Juan Manuel Santos
456509568042803201	4/16/14 14:08	Tweet de@AMEcheverria: Lo que dec√≠a Chavez ac√° lo repite @JuanManSantos y miren a Venezuela... @ELTIEMPO @hora20 http://t.co/6LYaFQlLC1	AlvaroUribeVel	√Ålvaro Uribe V√©lez
456499175538962432	4/16/14 13:27	RT @fedecoltenis: Hoy mi√©rcoles, en el Club Campestre de Pereira, apoya el mejor tenis nacional sin c√©dula de ciudadan√≠a en el ITF 15K II C‚Ä¶	ElGirald	Santiago Giraldo
456487622618009600	4/16/14 12:41	Los ni√±os Caucanos nos inspiran para seguir trabajando por el futuro del pa√≠s con deporte, salud y educaci√≥n. http://t.co/32wJNo9FJm	JuanManSantos	Juan Manuel Santos
456481240359514112	4/16/14 12:16	RT @PalomaSenadora: @palomavalencial en Santander de Quilichao invita a votar por oizuluaga http://t.co/iCnK2Nk2To	AlvaroUribeVel	√Ålvaro Uribe V√©lez
456479687288434689	4/16/14 12:10	Pol√≠tico pide a Mincomunicaciones 12 mil mill para que Gbno de Sucre compre tabletas porque al Pte Santos hay que reelegirlo con dinero	AlvaroUribeVel	√Ålvaro Uribe V√©lez
456478160654049281	4/16/14 12:04	Pte Santos preg√∫ntele al dr Germ√°n Vargas si es mentiras que uds han propuesto a magistrados candidato a contraloria en violaci√≥n de la ley!	AlvaroUribeVel	√Ålvaro Uribe V√©lez
456477495542292480	4/16/14 12:01	RT @mluciaramirez: ¬øQu√© opinan de esta grabaci√≥n de @lasillavacia de c√≥mo "senadores santistas" quer√≠an comprar convenci√≥n conservadora? ht‚Ä¶	AlvaroUribeVel	√Ålvaro Uribe V√©lez
456475036723851264	4/16/14 11:51	Tweet de @RafaGuarin: Carro bomba en Popay√°n, informaci√≥n preliminar de @BluRadioCo se√±ala que fue ubicado y est√° siendo desactivado.	AlvaroUribeVel	√Ålvaro Uribe V√©lez
tweet.id	pub.date.GMT	content	author.name	author.nickname	rating.1	rating.2	rating.3	rating.4	rating.5	rating.6	rating.7	rating.8456474240858877953	4/16/14 11:48	Al Pte Santos hay que elegirlo con dinero dice en Sucre alto pol√≠tico de Bogot√°,pide a Mincomunicaciones que mande 12 mil mill para tabletas	AlvaroUribeVel	√Ålvaro Uribe V√©lez
456472792699916288	4/16/14 11:42	RT @joseguerradelae: Min tic va girar 12mil millones a Gober Sucre para comprar tabletas,otro desfalco y √≥rganos de control mirando el ecli‚Ä¶	AlvaroUribeVel	√Ålvaro Uribe V√©lez
456469471524159488	4/16/14 11:29	Hoy por Coupe de France EA Guingamp Vs @ASMFC_MONACO partido clave ( 21:00 Fr - 14:00 Col ) la mejor vibra y de la mano de Dios!	jamesdrodriguez	James Rodr√≠guez
456462533683990528	4/16/14 11:02	Alerta en La Guajira por la muerte de cerca de 3.000 ni√±os
Caracol
El Bienestar Familiar alert√≥ por la falta de‚Ä¶ http://t.co/NSqhnH70vi	AlvaroUribeVel	√Ålvaro Uribe V√©lez
456461821495373826	4/16/14 10:59	Concesiones de 4G, las modificaciones que le piden al Gbno equivalen a regresar a la superada 1a generaci√≥n de concesiones	AlvaroUribeVel	√Ålvaro Uribe V√©lez
456461320700035072	4/16/14 10:57	Gbno Santos a trav√©s de Sergio Jaramillo pide permiso en USA para negociar entrega de Colombia a Farc, muchos nos opondremos	AlvaroUribeVel	√Ålvaro Uribe V√©lez
456461109147353088	4/16/14 10:56	"Hay que acabar con el sufrimiento del Cauca ocasionado por el terrorismo de las Farc": @OIZuluaga en visita al Cauca
http://t.co/eYyMF69teb	AlvaroUribeVel	√Ålvaro Uribe V√©lez
456458653176852480	4/16/14 10:46	Desde Popayan recuerdo de mi pre campa√±a presidencial en 1998: La paz ha sido, es y ser√° siempre mi principal anhelo! http://t.co/nAcxzhMlx2	JuanManSantos	Juan Manuel Santos
456438266820960256	4/16/14 9:25	Junto a Fuleco @FernandoFiore  y @AlbaAdamo nuestra jefa de Coca Cola en USA orgullo colombiano! http://t.co/e1UqSgqGQ3	carlosvives	Carlos Vives
456433127892611073	4/16/14 9:05	Pte Santos somete administraci√≥n de Bogot√° a plazos pol√≠ticos con el √°nimo de lograr apoyo a reelecci√≥n de seguidores del dr Petro	AlvaroUribeVel	√Ålvaro Uribe V√©lez
456425480439074816	4/16/14 8:34	RT @melpalacios: ¬°La Copa de Todos! LIVE 
#DespiertaAm√©rica #estadiodetodos @FernandoFiore @carlosvives http://t.co/mkmtBt5OEK	carlosvives	Carlos Vives
456425017819930626	4/16/14 8:32	RT @FCUnivision: Miren que emoci√≥n!!!! @carlosvives con el trofeo de la Copa Mundial #brazil2014 http://t.co/xwLKVNiVNQ via ( @sherlyny )	carlosvives	Carlos Vives
456415024987123713	4/16/14 7:53	#Audio. Entrevista en La Hora de la Verdad con Dr. Fernando Londo√±o. 
http://t.co/dGzBDntHXJ	AlvaroUribeVel	√Ålvaro Uribe V√©lez
456413765450219521	4/16/14 7:48	RT @WilliamValdes: Selfie con johnnylozada y @carlosvives #selfieking üëë http://t.co/WB42czoKDM	carlosvives	Carlos Vives
456407238446313472	4/16/14 7:22	RT @MaynaNevarez: @carlosvives contestar√° tus preguntas en twitter en @DespiertaAmeric	carlosvives	Carlos Vives
tweet.id	pub.date.GMT	content	author.name	author.nickname	rating.1	rating.2	rating.3	rating.4	rating.5	rating.6	rating.7	rating.8456406619434135552	4/16/14 7:19	RT @amparomaria77: @carlosvives  viendote  en @DespiertaAmeric @EspaCarlosVives disfrutando  desde Espa√±a!! Te queremos!üòö	carlosvives	Carlos Vives
456406271306911745	4/16/14 7:18	RT @DespiertaAmeric: Nuestro jefe @AlbertoCiurana junto a la copa del mundo @carlosvives @alantacher @PerroBermudezTD #UDMundial http://t.c‚Ä¶	carlosvives	Carlos Vives
456406207977103361	4/16/14 7:18	RT @DespiertaAmeric: Quien esta con nosotros esta ma√±ana gozando de @carlosvives @sherlyny y la copa del mundo? RT!! #UDMundial http://t.co‚Ä¶	carlosvives	Carlos Vives
456405010461388801	4/16/14 7:13	Por qu√© el Gbno Santos se propone sentar Generales de la Rep√∫blica con el terrorismo asesino de los soldados?	AlvaroUribeVel	√Ålvaro Uribe V√©lez
456404504573771776	4/16/14 7:11	Embalses sufren sequ√≠a y el pa√≠s teme un Ni√±o antes de junio via @elcolombiano m√≥vil http://t.co/5oOZhhZEU1	AlvaroUribeVel	√Ålvaro Uribe V√©lez
456404020891254784	4/16/14 7:09	RT @MaynaNevarez: @carlosvives en @despiertaameric develan la copa!! http://t.co/L1cUtqy95U	carlosvives	Carlos Vives
456394293817917440	4/16/14 6:30	En la Hora de la Verdad con el dr Fernando Londo√±o	AlvaroUribeVel	√Ålvaro Uribe V√©lez
456393263574814722	4/16/14 6:26	RT @ClaudiaElenaV: #MasCoraz√≥nProfundo #13demayo que felicidad de disco!!! Est√° impresionante impresionante!!! Gracias @carlosvives @andres‚Ä¶	carlosvives	Carlos Vives
456393136764227584	4/16/14 6:26	RT @ClaudiaElenaV: Rumbo al evento oficial con la Copa del Mundial en Miami oyendo #MasCoraz√≥nProfundo emocionados con el nuevo disco!! htt‚Ä¶	carlosvives	Carlos Vives
456392666192678913	4/16/14 6:24	http://t.co/6ihwMzjSns v√≠a @RevistaSemana http://t.co/c8tCDqy9fY Pte 
Santos y microtr√†fico	AlvaroUribeVel	√Ålvaro Uribe V√©lez
456392429139017728	4/16/14 6:23	RT @DespiertaAmeric: RT si estas listo para un mi√©rcoles de parranda con @carlosvives en #DespiertaAmerica #UDMundial	carlosvives	Carlos Vives
456392384465485824	4/16/14 6:23	RT @los40Paraguay: #Suena "El mar de sus ojos" de @carlosvives. 
Linda canci√≥n que compartimos contigo desde @los40Paraguay. 
#Pone923	carlosvives	Carlos Vives
456392270552375296	4/16/14 6:22	RT @Univision: ¬°No te pierdas @carlosvives HOY en @DespiertaAmeric! 7AM/6C #UDMundial http://t.co/8fPw37MZ6n	carlosvives	Carlos Vives
456389636193931265	4/16/14 6:12	http://t.co/oPxL8cOPF7 Fernando Londo√±o. A la desesperada	AlvaroUribeVel	√Ålvaro Uribe V√©lez
456245987401416704	4/15/14 20:41	RT @alejo_maestre: Confirmado @carlosvives aqu√≠ en @Valledupar el 3 de mayo  http://t.co/JgC400VNzA"	carlosvives	Carlos Vives
tweet.id	pub.date.GMT	content	author.name	author.nickname	rating.1	rating.2	rating.3	rating.4	rating.5	rating.6	rating.7	rating.8456245477441564672	4/15/14 20:39	Hey no me van a creer lo que Stoichkov me dijo ... q entrenaba en el Barcelona con el caballito! Gracias maestro! http://t.co/52kA8kzDgf	carlosvives	Carlos Vives
456241718955098112	4/15/14 20:24	Esta es la publicidad de la reelecci√≥n del Pte Santos en algunos aeropuertos http://t.co/zyJX3K2yTL	AlvaroUribeVel	√Ålvaro Uribe V√©lez
456240242303844353	4/15/14 20:18	#LaCopadetodos una campa√±a ejemplo de inclusi√≥n #CocaCola #TrophyTour http://t.co/B1555Wbnei	carlosvives	Carlos Vives
456239352696143872	4/15/14 20:15	Analizando el mundial con la profe V√°squez y pensando en la calidad que hay en nuestra selecci√≥n‚Ä¶ http://t.co/iJE3nzTUoC	carlosvives	Carlos Vives
456238191373463552	4/15/14 20:10	El tema de inseguridad es generalizado en toda Colombia. @OIZuluaga tiene una pol√≠tica muy firme para que el pa√≠s recupere la seguridad.	AlvaroUribeVel	√Ålvaro Uribe V√©lez
456237198262931456	4/15/14 20:06	#Monter√≠a. Agricultores: "Aumenta deterioro de v√≠as terciarias en C√≥rdoba, y el invierno no ha empezado a√∫n".	AlvaroUribeVel	√Ålvaro Uribe V√©lez
456236643369107456	4/15/14 20:04	#Monter√≠a.Denuncia:"Con ZonasReservasCampesinas,Farc quieren doble de tierra cultivada que tienen campesinos de COL,m√°s de 9millones de Has"	AlvaroUribeVel	√Ålvaro Uribe V√©lez
456235144744275968	4/15/14 19:58	#Monter√≠a. Ganaderos: Estamos extorsionados y nos piden vacuna por hect√°rea. Gobierno nada hace.	AlvaroUribeVel	√Ålvaro Uribe V√©lez
456230252092874753	4/15/14 19:39	‚ÄúPlan de Acci√≥n de √ìscar Iv√°n Zuluaga para Buenaventura nos llena de esperanza‚Äù @OIZuluaga 
http://t.co/LQc19ssI3T 

http://t.co/DbHnbbsdZ2	AlvaroUribeVel	√Ålvaro Uribe V√©lez
456226742878105600	4/15/14 19:25	En el Meta, nuestros compatriotas de Centro Democr√°tico dan a conocer a @OIZuluaga #ZuluagaPresidente http://t.co/C7CHqYZ52Q	AlvaroUribeVel	√Ålvaro Uribe V√©lez
456224438414245888	4/15/14 19:15	RT @OIZuluaga: Ac√° en Tulu√° tambi√©n hay graves problemas de inseguridad urbana. Vamos a combatirlos. Mano firme. http://t.co/DZCDJTEc5I	AlvaroUribeVel	√Ålvaro Uribe V√©lez
456224355471863808	4/15/14 19:15	RT @OIZuluaga: Promover√© los bancos de maquinarias por regiones, as√≠ los municipios m√°s peque√±os del pa√≠s tendr√°n pavimentadas sus v√≠as ter‚Ä¶	AlvaroUribeVel	√Ålvaro Uribe V√©lez
456223439741669378	4/15/14 19:11	Transportadores:"Lo que ganamos en su Gbno en seguridad lo perdimos en 3 a√±os.Nos secuestraron 3 conductores y nos quemaron 2 buses en 2013"	AlvaroUribeVel	√Ålvaro Uribe V√©lez
456221986407342080	4/15/14 19:06	#Monteria . Transportadores: "No tenemos seguridad. Nos queman las busetas nuevas y el Gbno nada hace. La problem√°tica es a nivel nacional".	AlvaroUribeVel	√Ålvaro Uribe V√©lez
456221917213507584	4/15/14 19:05	Hoy recuerdo mi visita a @Pontifex_es, donde nos recomend√≥ perseverar para alcanzar la paz. ¬°Feliz Semana Santa! http://t.co/bCYMPDByzb	JuanManSantos	Juan Manuel Santos
tweet.id	pub.date.GMT	content	author.name	author.nickname	rating.1	rating.2	rating.3	rating.4	rating.5	rating.6	rating.7	rating.8456221500836552704	4/15/14 19:04	#Monter√≠a. Transportadores: "No tenemos autoridad ni ministro de transporte que sea capaz de darle perrenque a esto" http://t.co/0nnJuC7mXr	AlvaroUribeVel	√Ålvaro Uribe V√©lez
456179127192932352	4/15/14 16:15	Monter√≠a."No queremos que al pa√≠s llegue el CastroChavismo,por eso a votar por @OIZuluaga": l√≠der del comit√© del dpto http://t.co/i5VSLTJNhu	AlvaroUribeVel	√Ålvaro Uribe V√©lez
456175910249840640	4/15/14 16:03	Reuni√≥n con l√≠deres del Comit√© del Centro Democr√°tico de C√≥rdoba. Toda la gratitud. http://t.co/ol2BLgrvsU	AlvaroUribeVel	√Ålvaro Uribe V√©lez
456170777868767232	4/15/14 15:42	Zuluaga presenta su Plan de Acci√≥n ‚ÄúPor una Buenaventura distinta con Justicia Social‚Äù
http://t.co/b79iJDI29W	AlvaroUribeVel	√Ålvaro Uribe V√©lez
456169214571974657	4/15/14 15:36	@noticierodelafm Y que expliquen tambi√©n el asesinato de los soldados y polic√≠as	AlvaroUribeVel	√Ålvaro Uribe V√©lez
456159248670400512	4/15/14 14:56	@toyajaramillo: Por esta raz√≥n no votar√© por #nomasfarcsantos http://t.co/b9VqBcxTGw"	AlvaroUribeVel	√Ålvaro Uribe V√©lez
456158238430334976	4/15/14 14:52	RT @ShakiraMedia: Thanks to the Fan Club from Barranquilla (@ShakiraQuilla) for the pics in Shak's hometown. It's thrilling! #MyShakira htt‚Ä¶	shakira	Shakira
456158092481142785	4/15/14 14:52	¬øYa han visto c√≥mo se hizo el v√≠deo de "Empire"? http://t.co/RgOWgdPg2w  ShakHQ	shakira	Shakira
456158020657881088	4/15/14 14:52	Did you take a look behind the scenes at the Empire video shoot yet? http://t.co/RgOWgdPg2w ShakHQ	shakira	Shakira
456157215452188672	4/15/14 14:48	Con @davidcorrey y mis amigos de Coca Cola en @ElGordoyLaFlaca #LaCopadeTodos http://t.co/wTGUzEXia5	carlosvives	Carlos Vives
456134111389048834	4/15/14 13:17	Monter√≠a;"19 c√°maras de seguridad, en mal estado, extorsi√≥n campea"	AlvaroUribeVel	√Ålvaro Uribe V√©lez
456133602917777410	4/15/14 13:15	Monter√≠a: "extorsionistas hacen presentaci√≥n personal, se identifican y hacen efectiva extorsi√≥n, piden dinero, veh√≠culos, armas,etc"	AlvaroUribeVel	√Ålvaro Uribe V√©lez
456125945103929344	4/15/14 12:44	Montel√≠bano: "Pavimento en entrado de Tierradentro est√° suspendido por extorsi√≥n de banda criminal"	AlvaroUribeVel	√Ålvaro Uribe V√©lez
456115910315880448	4/15/14 12:04	RT @OIZuluaga: Entreg√°ndole al obispo H√©ctor Epalza, nuestro Plan de Acci√≥n por una Buenaventura Distinta y con Justicia Social http://t.co‚Ä¶	AlvaroUribeVel	√Ålvaro Uribe V√©lez
456111726065618944	4/15/14 11:48	Selecci√≥n Colombia @FCFSeleccionCol le dice NO a la violencia contra la mujer. Respaldo total a esta campa√±a 
 https://t.co/EPnEaCESDp	JuanManSantos	Juan Manuel Santos
tweet.id	pub.date.GMT	content	author.name	author.nickname	rating.1	rating.2	rating.3	rating.4	rating.5	rating.6	rating.7	rating.8456109706336301056	4/15/14 11:40	Vean el concierto #LocoDeAmor x #TerraMusicLive http://t.co/6Lf6VK8HLe y pueden ganar una guitarra autografiada. http://t.co/mNy89A6G2Y	juanes	JUANES
456104958300270595	4/15/14 11:21	Un Alcalde:" Gbno Nal para v√≠as terciarias exige intermediaci√≥n de congresistas que traen el dinero, el ingeniero y manejan contrato"	AlvaroUribeVel	√Ålvaro Uribe V√©lez
456104467889664000	4/15/14 11:19	Buenavista, C√≥rdoba :"Bandas criminales extorsionar hasta a los funcionarios p√∫blicos"	AlvaroUribeVel	√Ålvaro Uribe V√©lez
456102783146807296	4/15/14 11:12	No dejen de votar por el video de ‚ÄúMil Pedazos‚Äù en el HTV Hot Ranking http://t.co/JPE2XgVi64  #LocoDeAmor	juanes	JUANES
456092214343786496	4/15/14 10:30	@Fonseca Gracias a ud. Yo tambi√©n estoy convencido que a Colombia en paz no la para nadie!	JuanManSantos	Juan Manuel Santos
456074592642412546	4/15/14 9:20	@Fonseca quiere ser la primera generaci√≥n de paz. Recomiendo su art√≠culo "Yo quiero perdonar"  http://t.co/wVLmwDsuCH	JuanManSantos	Juan Manuel Santos
456066528551923712	4/15/14 8:48	RT @fedecoltenis: Hoy continuar√° a todo trapo el main draw del ITF Futuro 15K II Copa @ElGirald en Pereira. En acci√≥n estar√°n Struvay, Mont‚Ä¶	ElGirald	Santiago Giraldo
456052459094679552	4/15/14 7:52	Genio total @DjokerNole con la #9 del @ASMFC_MONACO // The great @DjokerNole with my @ASMFC_MONACO #9 : ) http://t.co/WEgSJH8NJh	FALCAO	Radamel Falcao
456042683296145408	4/15/14 7:13	RT @HTVMusica: Disfruta del nuevo videoclip de @CarlosVIves: "El mar de sus ojos" http://t.co/wkTbf6Dil8	carlosvives	Carlos Vives
456042434443902978	4/15/14 7:12	RT @MiMONTERIAVNATO: Confirmado: @carlosvives Monteria feria ganadera @gordokerguelen1 @MerlanoGuillo http://t.co/Hyc2MBDoTe	carlosvives	Carlos Vives
456042116524040193	4/15/14 7:11	@SalasMedia hey no tiene que ser con una foto cuando quieran me invitan jajajajaja! @MALUMACOLOMBIA	carlosvives	Carlos Vives
456041586066202624	4/15/14 7:09	RT @ElGordoyLaFlaca: Nuestro estudio listo para ser los primeros en recibir el trofeo de #UDMundial y @carlosvives‚Ä¶ http://t.co/0FGW2VXvnB	carlosvives	Carlos Vives
456041248558948352	4/15/14 7:08	RT @FCUnivision: Ma√±ana @larryhernandez1 y @carlosvives en @DespiertaAmeric con la #CopaDelMundo!!!!!!	carlosvives	Carlos Vives
456040375749476352	4/15/14 7:04	RT @jupablotoro: Struvay Montes y Salamanca, debutan este martes en la #IICOPASANTIAGOGIRALDO @PrimerSetCol  @ElGirald  @fedecoltenis http:‚Ä¶	ElGirald	Santiago Giraldo
456032656460111872	4/15/14 6:33	RT @ElUniversal: Lea la edici√≥n impresa de El Universal http://t.co/do5CiKRNxK http://t.co/nLalGM59TZ	AlvaroUribeVel	√Ålvaro Uribe V√©lez
tweet.id	pub.date.GMT	content	author.name	author.nickname	rating.1	rating.2	rating.3	rating.4	rating.5	rating.6	rating.7	rating.8456032225113669632	4/15/14 6:32	Comunidad informa sobre suspensi√≥n de carretera entre Popay√°n y Pasto por acci√≥n terrorista	AlvaroUribeVel	√Ålvaro Uribe V√©lez
456022321271418880	4/15/14 5:52	http://t.co/Nz3BqVhAU4 Corina con Claudia Gurisati	AlvaroUribeVel	√Ålvaro Uribe V√©lez
456012362785763328	4/15/14 5:13	RT @ASMFC_MONACO: @DjokerNole avec le maillot de @FALCAO ce matin au Louis II / Djoko with the Falcao shirt : http://t.co/yCYwTrp48r - http‚Ä¶	FALCAO	Radamel Falcao
455934228526796800	4/15/14 0:02	RT @OIZuluaga: Reconstrucci√≥n de Gramalote: otra promesa, otro anuncio del gobierno ineficaz de Santos. http://t.co/JkcZjLKCAl	AlvaroUribeVel	√Ålvaro Uribe V√©lez
455934081004756992	4/15/14 0:02	RT @OIZuluaga: Tengo dolor de Patria. Gbno Santos indolente, con plata en bancos, y ning√∫n avance para solucionar drama de 1000 familias en‚Ä¶	AlvaroUribeVel	√Ålvaro Uribe V√©lez
455874348029849600	4/14/14 20:04	Meet #TeamShakira's Live Show Team - @KristenMerlin @TessHannahMusic @DaniMozMusic - Voting Starts next week!  https://t.co/FimdxMOfl9	shakira	Shakira
455873806889156608	4/14/14 20:02	.@KristenMerlin + @TessHannahMusic + @DaniMozMusic RT @NBCTheVoice  RT round of applause for #TeamShakira‚Äôs Top 3! http://t.co/t5REwhrLJa	shakira	Shakira
455871284103352320	4/14/14 19:52	RT @NBCTheVoice: ‚ÄúMy team is killing it today.‚Äù -@shakira (RETWEET if you‚Äôre #TeamShakira) #PlayoffsContinue	shakira	Shakira
455870630593036288	4/14/14 19:50	I'm speechless @DaniMozMusic! What a beautiful performance. This is going to be a very tough decision... http://t.co/2iVUE0Uk0c @iTunesMusic	shakira	Shakira
455868179781545984	4/14/14 19:40	.@pktmusic always sings from the heart! I love that about him. http://t.co/F9sJO7gDol @iTunesMusic #PlayoffsContinue	shakira	Shakira
455865676688011265	4/14/14 19:30	.@TessHannahMusic may be new to the #TeamShakira, but she's a force to be reckoned with! Solid performances tonight http://t.co/CoS9OW1sSK	shakira	Shakira
455863002714361856	4/14/14 19:19	RT @NBCTheVoice: RT if you think #TeamShakira is making @shakira look good tonight. #PlayoffsContinue	shakira	Shakira
455862615856918528	4/14/14 19:18	Seeing a new side of @dejahallmusic! She always makes me proud http://t.co/oVxdl4qPlU #PlayoffsContinue @iTunesMusic	shakira	Shakira
455860139011350529	4/14/14 19:08	WOW! #TeamShakira is off to a great start! What did you all think of @KristenMerlin's performance?? #PlayoffsContinue http://t.co/seQLayujSg	shakira	Shakira
455858273884061696	4/14/14 19:00	RT @NBCTheVoice: The #PlayoffsContinue now! RETWEET if you‚Äôre watching with us, East Coast! http://t.co/QyNosQMUjT http://t.co/G5RdV0U7UL	shakira	Shakira
tweet.id	pub.date.GMT	content	author.name	author.nickname	rating.1	rating.2	rating.3	rating.4	rating.5	rating.6	rating.7	rating.8455851481766567937	4/14/14 18:33	La @UNGRD reporta que incendio forestal en Nobsa est√° controlado y que en dos d√≠as estar√° liquidado. Gracias a todos los que han ayudado.	JuanManSantos	Juan Manuel Santos
455840489376583682	4/14/14 17:50	Qu√© buenas cifras de crecimiento en febrero. La industria creci√≥ 2.8% frente ca√≠da de -5.1% en febrero 2013, comercio 6.7% frente al 0.1%.	JuanManSantos	Juan Manuel Santos
455820595335135232	4/14/14 16:31	NACIONAL  14 ABR 2014 - 12:30 PM
Minas antipersonales
Campesino resulta gravemente herido tras caer en mina ant‚Ä¶ http://t.co/iu8ECJVvHX	AlvaroUribeVel	√Ålvaro Uribe V√©lez
455814901291032576	4/14/14 16:08	El Espectador. Uribe calific√≥ de "monstruo burocr√°tico" sistema de salud planteado por Santos
http://t.co/ttAHIqqmT3	AlvaroUribeVel	√Ålvaro Uribe V√©lez
455802428890546178	4/14/14 15:19	En Cundinamarca la chocamos por la paz en un recorrido lleno de cari√±o y generosidad. https://t.co/QfCttK2Mz9	JuanManSantos	Juan Manuel Santos
455790731245146113	4/14/14 14:32	Plan de Choque de Zuluaga para generar empleo masivo y formal en C√∫cuta y la frontera
http://t.co/DYTQ2Qrpbi	AlvaroUribeVel	√Ålvaro Uribe V√©lez
455778383897841664	4/14/14 13:43	RT @DespiertaAmeric: No te pierdas a @carlosvives en #DA junto a la copa del mundo!! Ser√° tremendo fiest√≥n pasado ma√±ana‚Ä¶ http://t.co/e0bNT‚Ä¶	carlosvives	Carlos Vives
455770004085309440	4/14/14 13:10	RT @UforiaMusica: .@Carlosvives y @davidcorrey cantan juntos "La Copa de Todos" de @CocaCola. Esc√∫chalos  http://t.co/b0QQyiKApP http://t.c‚Ä¶	carlosvives	Carlos Vives
455769940206047233	4/14/14 13:09	RT @KristhyamPerea: El mar de sus ojos, es uno de los ringbacktones m√°s pedidos. Ac√° el video de la canci√≥n: https://t.co/CMa3mdKuhx @carlo‚Ä¶	carlosvives	Carlos Vives
455760526664925185	4/14/14 12:32	Nuestra alternativa a Salud M√≠a que es un nuevo monstruo burocr√°tico 

El pago a los hospitales debe ser un g‚Ä¶ http://t.co/vrGgH66uNz	AlvaroUribeVel	√Ålvaro Uribe V√©lez
455749350824869888	4/14/14 11:48	If you didn't see it yet, watch Shak perform Empire live for @TODAYshow in NYC / Shak cantando Empire en vivo  http://t.co/lmA3DoJEPd ShakHQ	shakira	Shakira
455740071803891712	4/14/14 11:11	RT @Matias_c10: @FALCAO prov 3:7-8 "teme a Jehov√°, y ap√°rtate del mal; Porque ser√° medicina a tu cuerpo, Y refrigerio para tus huesos"	FALCAO	Radamel Falcao
455737280775614464	4/14/14 11:00	Uno mi voz a la de estas mujeres y juntos le decimos no a la violencia contra la mujer. https://t.co/iNlHi4xsKS	JuanManSantos	Juan Manuel Santos
455702706095927296	4/14/14 8:42	Acabamos de llegar a Valledupar. Vamos a misa del Santo Ecce Homo, y despu√©s presentar√© preocupaciones y alternativas a Salud Mia.	AlvaroUribeVel	√Ålvaro Uribe V√©lez
455701200500170753	4/14/14 8:36	La Libertad. Uribe: Gobierno no solo entrega la mermelada, sino que la justifica http://t.co/EczSFBsqGo	AlvaroUribeVel	√Ålvaro Uribe V√©lez
tweet.id	pub.date.GMT	content	author.name	author.nickname	rating.1	rating.2	rating.3	rating.4	rating.5	rating.6	rating.7	rating.8455668859891380224	4/14/14 6:28	RT @FIL0S0FIA: El 1¬∫ en pedir disculpas es el m√°s valiente. El 1¬∫ en perdonar es el m√°s fuerte. El 1¬∫ en olvidar es el m√°s feliz.	ElGirald	Santiago Giraldo
455664524209967104	4/14/14 6:11	RT @catherine_fulop: ->RT:@gperezch Foto d cubano c 1 cura, antes d ser fusiladoxFidel Castro.Gan√≥ Pulitzer. Humanistas,quien se los cree? ‚Ä¶	AlvaroUribeVel	√Ålvaro Uribe V√©lez
455664210547343360	4/14/14 6:09	RT @IvoCaracas: Castro tiene varios niveles de acci√≥n. Paralelo a represi√≥n local activa comando diplomatico y comunicacional: lula y ramon‚Ä¶	AlvaroUribeVel	√Ålvaro Uribe V√©lez
455663649680801792	4/14/14 6:07	RT @cocando: Las fortunas del chavismo en Estados Unidos. http://t.co/FA3ThosX66	AlvaroUribeVel	√Ålvaro Uribe V√©lez
455663229440917504	4/14/14 6:05	RT @gperezch: Foto de cubano con un cura, antes d ser fusilado por Fidel Castro. Gan√≥ un Pulitzer. Humanistas, quien se los cree? http://t.‚Ä¶	AlvaroUribeVel	√Ålvaro Uribe V√©lez
455659868083736576	4/14/14 5:52	http://t.co/Er5MDcg7uU Ayud√©mosle a Santos (A distinguir entre Maduro y los otros). Ricardo Mej√≠a	AlvaroUribeVel	√Ålvaro Uribe V√©lez
455523950127497216	4/13/14 20:52	@noticierodelafm √Ålvaro Uribe: bono pensional para ni√±os de estratos pobres es revolucionaria
http://t.co/DSKasKhnr1	AlvaroUribeVel	√Ålvaro Uribe V√©lez
455522865031294976	4/13/14 20:48	Terminemos este domingo con una reflexi√≥n de Dalai Lama. Colombia es momento de vivir en paz. http://t.co/gQmNGeBK3Z	JuanManSantos	Juan Manuel Santos
455521339689152512	4/13/14 20:42	RT @turismoestereo: Disfruta "El mar de sus ojos" con @CarlosVives (ft. ChocQuibTown)  http://t.co/G3AoHbJ1VU   ~  Solic√≠talo por el (0416)‚Ä¶	carlosvives	Carlos Vives
455486692942946305	4/13/14 18:24	Valledupar, lunes,despu√©s de misa del Santo Ecce Homo,presentar√© preocupaciones y alternativas a Salud Mia,monstruo burocr√°tico en gestacion	AlvaroUribeVel	√Ålvaro Uribe V√©lez
455485569297289216	4/13/14 18:19	5 Sur del Atl√°ntico: 41 meses despu√©s de la inundaci√≥n y Gbno Santos, con recursos no ha reconstruido distritos de riego
GbnoSantos incumple	AlvaroUribeVel	√Ålvaro Uribe V√©lez
455485101405896706	4/13/14 18:18	4 Sur del Atl√°ntico: ola invernal de 2010 destruy√≥ los distritos de riego
Gbno Santos incumple	AlvaroUribeVel	√Ålvaro Uribe V√©lez
455484854533382144	4/13/14 18:17	3 Sur del Atl√°ntico: nuestro Gbno, Carlos Gustavo Cano y Andr√©s Arias, reconstruyeron Distritos de Riego
Gbno Santos incumple	AlvaroUribeVel	√Ålvaro Uribe V√©lez
455484553277472768	4/13/14 18:15	2 Sur del Atl√°ntico: Pte Carlos Lleras construy√≥ distritos de riego
Gbno Santos incumple	AlvaroUribeVel	√Ålvaro Uribe V√©lez
455484224490188800	4/13/14 18:14	1 Sur del Atl√°ntico: hoy visitamos a Luruaco ratificando el compromiso de √ìscar Iv√°n Zuluaga
Gbno Santos incumple	AlvaroUribeVel	√Ålvaro Uribe V√©lez
tweet.id	pub.date.GMT	content	author.name	author.nickname	rating.1	rating.2	rating.3	rating.4	rating.5	rating.6	rating.7	rating.8455471450137587712	4/13/14 17:23	"Lo pensar√≠a dos veces..." columna de @RafaGuarin en @RevistaSemana http://t.co/9kss4US7RU	AlvaroUribeVel	√Ålvaro Uribe V√©lez
455453632214097920	4/13/14 16:13	RT @CeDemocratico: Gracias a la comunidad de Baranoa por tanto afecto: @AlvaroUribeVel Somos @CeDemocratico Mano firme Coraz√≥n grande http:‚Ä¶	AlvaroUribeVel	√Ålvaro Uribe V√©lez
455453559950413824	4/13/14 16:12	RT @OIZuluaga: En la iglesia del 20 de julio, ratificando nuestro mensaje de solidaridad, de paz y de defensa de la vida. http://t.co/6pbM8‚Ä¶	AlvaroUribeVel	√Ålvaro Uribe V√©lez
455448842813853696	4/13/14 15:54	Conversando con los ciudadanos del corregimiento Los Pendales, del municipio de Luruaco, Atl√°ntico. http://t.co/sA7MLILWUW	AlvaroUribeVel	√Ålvaro Uribe V√©lez
455447994264215552	4/13/14 15:50	Propuesta de bono pensional para ni√±os de estratos 1, 2, 3 y 4 es una gran revoluci√≥n para Colombia
http://t.co/GZn2SaPhUZ	AlvaroUribeVel	√Ålvaro Uribe V√©lez
455419599958577152	4/13/14 13:57	RT @CarlosHolmesTru: En cual plaza p√∫blica de Colombia quiere que hagamos el debate sobre el balance del gobierno de Santos, doctor Vargas ‚Ä¶	AlvaroUribeVel	√Ålvaro Uribe V√©lez
455419383469604864	4/13/14 13:56	RT @CarlosHolmesTru: El q miente y polariza es el gobierno al se√±alar a quienes piden paz con justicia como enemigos de la paz.!	AlvaroUribeVel	√Ålvaro Uribe V√©lez
455418622069182464	4/13/14 13:53	RT @CarlosHolmesTru: El q miente y polariza es gobierno al se√±alar a quienes exigen a farc q cesen el terrorismo como condici√≥n para conver‚Ä¶	AlvaroUribeVel	√Ålvaro Uribe V√©lez
455418602636988416	4/13/14 13:53	RT @CarlosHolmesTru: El q miente y polariza es el gobierno al se√±alar a quienes quieren paz sin beneficios pol√≠ticos a terroristas como ene‚Ä¶	AlvaroUribeVel	√Ålvaro Uribe V√©lez
455417830419464192	4/13/14 13:50	Propuesta de bono pensional para ni√±os de estratos pobres es una gran revoluci√≥n para Colombia
http://t.co/GZn2SaPhUZ	AlvaroUribeVel	√Ålvaro Uribe V√©lez
455416131894120448	4/13/14 13:44	El que miente y polariza es el gobierno‚Äù: Carlos Holmes Trujillo
http://t.co/VKhZ5kg7hG	AlvaroUribeVel	√Ålvaro Uribe V√©lez
455413659460960256	4/13/14 13:34	En Barranquilla visitamos el diario @LaLibertadCo Grs a directivos y periodistas por atendernos hoy Domingo de Ramos http://t.co/sb2MHa17cT	AlvaroUribeVel	√Ålvaro Uribe V√©lez
455410677155631104	4/13/14 13:22	RT @ELTIEMPO: 'La oposici√≥n miente sobre los #Di√°logosDePaz en Cuba': @German_Vargas  http://t.co/pEUZGLV7h4 http://t.co/xqYuK7Lb4w	JuanManSantos	Juan Manuel Santos
455408469395636225	4/13/14 13:13	Propuesta de bono pensional para ni√±os de estratos pobres es una gran revoluci√≥n para Colombia.
http://t.co/GZn2SaPhUZ	AlvaroUribeVel	√Ålvaro Uribe V√©lez
